{
  "json_version": 3,
  "name": "set_001",
  "blueprint_name": "blueprint_001",
  "hint_order_index": 0,
  "zoom": 0,
  "items":
  [
    {
      "amount": 1,
      "last_modification_date_unix": 1664657414,
      "details":
      [
        {
          "name": "logo",
          "data":
          {
            "value": "C:/Users/Asier/Desktop/mujeres nasa/Kathryn P. Hire/2.png"
          }
        },
        {
          "name": "border",
          "data":
          {
            "color": "#F12E2EFF"
          }
        }
      ]
    }
  ]
}