{
  "json_version": 3,
  "name": "SpaceMissions",
  "blueprint_name": "Missions",
  "hint_order_index": 0,
  "zoom": 0,
  "items":
  [
    {
      "amount": 1,
      "last_modification_date_unix": 1664704551,
      "details":
      [
        {
          "name": "logo",
          "data":
          {
            "value": "./missions/mission1.jpg"
          }
        }
      ]
    },
    {
      "amount": 1,
      "last_modification_date_unix": 1664707419,
      "details":
      [
        {
          "name": "panel_001",
          "data":
          {
            "value": "Hey! I’m Jeanette Scissum, I became the first African American female mathematician and scientist at NASA in 1964, and fought for women’s rights in science throughout my entire career. Today I received a disturbing call, NASA needs our help to prepare the population for a new Carrington event. Check out the QR code below to find out what needs to be done! \r\n",
            "text_size": "2"
          }
        },
        {
          "name": "text_bottom",
          "data":
          {
            "value": "Jeanette Scissum"
          }
        },
        {
          "name": "logo",
          "data":
          {
            "value": "C:/Users/nivox/Desktop/generated-jeanette-scissum/0.png"
          }
        },
        {
          "name": "text_top",
          "data":
          {
            "value": "Prepare people for a intense geomagnetic storm",
            "text_size": "3.58"
          }
        }
      ]
    },
    {
      "amount": 1,
      "last_modification_date_unix": 1664707501,
      "details":
      [
        {
          "name": "panel_001",
          "data":
          {
            "value": "Hello everyone! My name is Ellen Ochoa, I became an astronaut in 1991 and I’ve travelled to space a total of 4 times, but today I need your help to complete my mission: 8 tons of material and supplies need to be transported to the International Space Station, can you think of a way to get them there on time? \r\n"
          }
        },
        {
          "name": "text_bottom",
          "data":
          {
            "value": "Ellen Ochoa"
          }
        },
        {
          "name": "logo",
          "data":
          {
            "value": "C:/Users/nivox/Desktop/generated-ellen-ochoa/0.png"
          }
        }
      ]
    },
    {
      "amount": 1,
      "last_modification_date_unix": 1664659422
    }
  ]
}