{
  "json_version": 3,
  "name": "blueprint_002",
  "type": "card",
  "layout_size_mm": "63.5, 88.9",
  "main_panel_name": "text_top",
  "hint_order_index": 1,
  "front_layers":
  [
    {
      "name": "default",
      "panels":
      [
        {
          "name": "text_top",
          "data":
          {
            "layout_position": "31.50388, 75.60982",
            "layout_size": "49.21698, 11.92631",
            "panel_type": "text",
            "value": "SPACESHIP",
            "text_font": "Segoe UI Black Italic",
            "text_size": "3.68",
            "layout_constraint_v": "top",
            "layout_constraint_h": "scale",
            "color": "#454545FF",
            "text_bold": "True",
            "text_line_spacing": "-25"
          }
        },
        {
          "name": "logo",
          "data":
          {
            "layout_position": "31.31807, 41.38683",
            "layout_size": "37.61352, 35.6115",
            "panel_type": "image",
            "value": "C:/Users/Asier/Desktop/mujeres nasa/Nancy Grace Roman/photo_2022-10-01_23-01-31.jpg",
            "layout_constraint_h": "scale",
            "layout_constraint_v": "scale",
            "img_mask_radius": "15",
            "img_mask_radius_tl": "12.1"
          }
        },
        {
          "name": "color",
          "data":
          {
            "layout_position": "31.63478, 44.21957",
            "layout_size": "58.20014, 83.83057",
            "panel_type": "procedural",
            "value": "Placeholder",
            "procedural_radius": "4",
            "color": "#FFFFFFFF",
            "layout_constraint_h": "scale",
            "layout_constraint_v": "scale",
            "panel_editable": "False"
          }
        },
        {
          "name": "border",
          "data":
          {
            "layout_position": "31.75, 44.45",
            "layout_size": "63.5, 88.9",
            "panel_type": "procedural",
            "value": "Placeholder",
            "procedural_radius": "5",
            "color": "#54E0D8FF",
            "layout_constraint_h": "scale",
            "layout_constraint_v": "scale"
          }
        }
      ]
    }
  ],
  "back_layers":
  [
    {
      "name": "default",
      "panels":
      [
        {
          "name": "panel_005",
          "data":
          {
            "layout_position": "31.75, 44.45",
            "layout_size": "21.16667, 29.63333",
            "panel_type": "procedural",
            "value": "Text",
            "color": "#54E0D8FF"
          }
        },
        {
          "name": "panel_004",
          "data":
          {
            "layout_position": "33.49625, 66.91312",
            "layout_size": "43.39168, 9.683745",
            "panel_type": "text",
            "value": "RESOURCES",
            "text_size": "4.7",
            "text_font": "Segoe UI Black Italic",
            "color": "#FEFEFEFF"
          }
        },
        {
          "name": "panel_003",
          "data":
          {
            "layout_position": "31.90875, 67.54813",
            "layout_size": "33.655, 7.884573",
            "panel_type": "procedural",
            "value": "Text",
            "color": "#935C81FF"
          }
        },
        {
          "name": "back_icon",
          "data":
          {
            "layout_position": "31.78369, 44.71296",
            "layout_size": "58.97073, 84.64692",
            "panel_type": "image",
            "color": "#FFFFFFFF",
            "value": "C:/Users/Asier/Desktop/4181259075_Space_missions__simple_minimalistic___cover_of_a_card_maze (1).png",
            "layout_constraint_v": "scale",
            "layout_constraint_h": "scale",
            "panel_editable": "False",
            "img_mask_radius": "5",
            "img_fit_mode": "fill"
          }
        },
        {
          "name": "back_color",
          "data":
          {
            "layout_position": "31.75, 44.45",
            "layout_size": "63.5, 88.9",
            "panel_type": "procedural",
            "value": "Placeholder",
            "color": "#C2784AFF",
            "panel_editable": "False",
            "procedural_radius": "5",
            "layout_constraint_v": "scale",
            "layout_constraint_h": "scale"
          }
        }
      ]
    }
  ]
}