{
  "json_version": 3,
  "name": "blueprint_001",
  "type": "card",
  "layout_size_mm": "63.5, 88.9",
  "main_panel_name": "text_top",
  "hint_order_index": 0,
  "front_layers":
  [
    {
      "name": "default",
      "panels":
      [
        {
          "name": "panel_002",
          "data":
          {
            "layout_position": "9.820126, 9.443923",
            "layout_size": "10.08823, 11.47194",
            "panel_type": "scancode",
            "value": "https://playades.org/game/qr/nancy",
            "color": "#444444FF"
          }
        },
        {
          "name": "panel_001",
          "data":
          {
            "layout_position": "31.95433, 18.20679",
            "layout_size": "43.00574, 29.63333",
            "panel_type": "text",
            "value": "Hey! I’m Nancy Grace Roman, mother of the Hubble Space Telescope. My creation is gonna be substituted by the new James Webb Telescope but a meteoroid has impacted and broken one of its mirrors, I need your help to reach it with a new one and replace it!\r",
            "text_alignment_v": "top",
            "text_size": "2.1",
            "text_alignment_h": "justified",
            "text_font": "Open Sans Light"
          }
        },
        {
          "name": "text_top",
          "data":
          {
            "layout_position": "31.50388, 75.60982",
            "layout_size": "49.21698, 11.92631",
            "panel_type": "text",
            "value": "Save the James Webb Telescope!!",
            "text_font": "Open Sans Extrabold",
            "text_size": "3.68",
            "layout_constraint_v": "top",
            "layout_constraint_h": "scale",
            "color": "#454545FF",
            "text_bold": "True",
            "text_line_spacing": "-25"
          }
        },
        {
          "name": "text_bottom",
          "data":
          {
            "layout_position": "27.52084, 12.24201",
            "layout_size": "52.29432, 4.271534",
            "panel_type": "text",
            "value": "Nancy Grace Roman",
            "text_size": "3",
            "layout_constraint_v": "bottom",
            "layout_constraint_h": "scale",
            "text_alignment_h": "right",
            "text_font": "Open Sans Semibold",
            "color": "#444444FF"
          }
        },
        {
          "name": "logo",
          "data":
          {
            "layout_position": "32.04453, 51.421",
            "layout_size": "37.61352, 35.6115",
            "panel_type": "image",
            "value": "C:/Users/Asier/Desktop/mujeres nasa/Nancy Grace Roman/photo_2022-10-01_23-01-31.jpg",
            "layout_constraint_h": "scale",
            "layout_constraint_v": "scale",
            "img_mask_radius": "15",
            "img_mask_radius_tl": "12.1"
          }
        },
        {
          "name": "color",
          "data":
          {
            "layout_position": "31.63478, 44.21957",
            "layout_size": "58.20014, 83.83057",
            "panel_type": "procedural",
            "value": "Placeholder",
            "procedural_radius": "4",
            "color": "#FFFFFFFF",
            "layout_constraint_h": "scale",
            "layout_constraint_v": "scale",
            "panel_editable": "False"
          }
        },
        {
          "name": "border",
          "data":
          {
            "layout_position": "31.75, 44.45",
            "layout_size": "63.5, 88.9",
            "panel_type": "procedural",
            "value": "Placeholder",
            "procedural_radius": "5",
            "color": "#C2784AFF",
            "layout_constraint_h": "scale",
            "layout_constraint_v": "scale"
          }
        }
      ]
    }
  ],
  "back_layers":
  [
    {
      "name": "default",
      "panels":
      [
        {
          "name": "panel_004",
          "data":
          {
            "layout_position": "33.49625, 66.91312",
            "layout_size": "43.39168, 9.683745",
            "panel_type": "text",
            "value": "SPACE MISSIONS",
            "text_size": "4.7",
            "text_font": "Segoe UI Black Italic",
            "color": "#FEFEFEFF"
          }
        },
        {
          "name": "panel_003",
          "data":
          {
            "layout_position": "31.90875, 67.54813",
            "layout_size": "33.655, 7.884573",
            "panel_type": "procedural",
            "value": "Text",
            "color": "#935C81FF"
          }
        },
        {
          "name": "back_icon",
          "data":
          {
            "layout_position": "31.78369, 44.71296",
            "layout_size": "58.97073, 84.64692",
            "panel_type": "image",
            "color": "#FFFFFFFF",
            "value": "C:/Users/Asier/Desktop/4181259075_Space_missions__simple_minimalistic___cover_of_a_card_maze (1).png",
            "layout_constraint_v": "scale",
            "layout_constraint_h": "scale",
            "panel_editable": "False",
            "img_mask_radius": "5",
            "img_fit_mode": "fill"
          }
        },
        {
          "name": "back_color",
          "data":
          {
            "layout_position": "31.75, 44.45",
            "layout_size": "63.5, 88.9",
            "panel_type": "procedural",
            "value": "Placeholder",
            "color": "#C2784AFF",
            "panel_editable": "False",
            "procedural_radius": "5",
            "layout_constraint_v": "scale",
            "layout_constraint_h": "scale"
          }
        }
      ]
    }
  ]
}