{
  "json_version": 3,
  "name": "Team",
  "blueprint_name": "Team",
  "hint_order_index": 2,
  "zoom": 0,
  "items":
  [
    {
      "amount": 1,
      "last_modification_date_unix": 1664706901,
      "details":
      [
        {
          "name": "panel_001",
          "data":
          {
            "value": "Hi! I'm Beatriz Varona, I'm an Astrophysicist. I work at the Astronomical Observatory of Teide, of the Instituto de Astrofísica de Canarias. I also worked at the Astronomical Observatory of Cantabria and CHARA Array in California.\r",
            "text_size": "2.2"
          }
        }
      ]
    },
    {
      "amount": 1,
      "last_modification_date_unix": 1664706901,
      "details":
      [
        {
          "name": "panel_001",
          "data":
          {
            "value": "Hi! I'm Beatriz Varona, I'm an Astrophysicist. I work at the Astronomical Observatory of Teide, of the Instituto de Astrofísica de Canarias. I also worked at the Astronomical Observatory of Cantabria and CHARA Array in California.\r",
            "text_size": "2.2"
          }
        }
      ]
    },
    {
      "amount": 1,
      "last_modification_date_unix": 1664706901,
      "details":
      [
        {
          "name": "panel_001",
          "data":
          {
            "value": "Hi! I'm Beatriz Varona, I'm an Astrophysicist. I work at the Astronomical Observatory of Teide, of the Instituto de Astrofísica de Canarias. I also worked at the Astronomical Observatory of Cantabria and CHARA Array in California.\r",
            "text_size": "2.2"
          }
        }
      ]
    },
    {
      "amount": 1,
      "last_modification_date_unix": 1664706901,
      "details":
      [
        {
          "name": "panel_001",
          "data":
          {
            "value": "Hi! I'm Beatriz Varona, I'm an Astrophysicist. I work at the Astronomical Observatory of Teide, of the Instituto de Astrofísica de Canarias. I also worked at the Astronomical Observatory of Cantabria and CHARA Array in California.\r",
            "text_size": "2.2"
          }
        }
      ]
    }
  ]
}